cid,judge_0,judge_1,judge_2,judge_3,judge_4,judge_5,judge_6,judge_7,info
?id,??????,??????,??????,??????,??????,??????,??????,??????,??
int,int,int,int,int,int,int,int,int,str
0,0,0,0,0,0,0,0,0,0
????????:0:???1:??2:????3:????????4:???????,,,,,,,,,
0,0,1,0,1,2,2,2,0,??
1,0,1,0,1,2,2,2,0,??
2,0,1,0,1,2,2,2,0,??
3,0,0,0,0,0,0,0,0,????
4,0,0,0,0,0,0,0,0,????
5,0,0,0,0,0,0,0,0,????
6,0,0,0,0,0,0,0,0,????
7,0,0,0,0,0,0,0,0,????
8,0,1,3,1,0,0,2,0,??
9,0,0,3,1,2,0,2,0,??
10,0,0,0,0,0,0,0,0,??
11,0,1,3,1,0,0,0,0,???
12,0,1,3,1,0,0,0,0,A????
13,0,1,3,1,0,0,0,0,???
14,0,1,3,1,0,0,0,0,?????
15,0,1,3,1,0,0,0,0,?????
16,0,1,3,1,0,0,0,0,?????
17,0,1,3,1,0,0,0,0,?????
18,0,1,3,1,0,0,0,0,????
19,0,0,1,1,2,4,0,0,????
20,0,,,,,,,,???
,,,,,,,,,
,,,,,,,,,
,,,,,,,,,
,,,,,,,,,
,,,,,,,,,
,,,,,,,,,
,,,,,,,,,
,,,,,,,,,
,,,,,,,,,
,,,,,,,,,
,,,,,,,,,
,,,,,,,,,
,,,,,,,,,
,,,,,,,,,
,,,,,,,,,
,,,,,,,,,
,,,,,,,,,
,,,,,,,,,
,,,,,,,,,
,,,,,,,,,
,,,,,,,,,
,,,,,,,,,
,,,,,,,,,
,,,,,,,,,
,,,,,,,,,
,,,,,,,,,
,,,,,,,,,
,,,,,,,,,
,,,,,,,,,
,,,,,,,,,
,,,,,,,,,
,,,,,,,,,
,,,,,,,,,
,,,,,,,,,
,,,,,,,,,
,,,,,,,,,
,,,,,,,,,
,,,,,,,,,
,,,,,,,,,
,,,,,,,,,
,,,,,,,,,
,,,,,,,,,
63,,,,,,,,,
