cid,name,cook,eat,seasoning,fruit
食材id,食材名字,可烹饪,可食用,可作为调料,是水果
int,str,bool,bool,bool,bool
0,1,0,0,0,0
食材配置数据,,,,,
0,苹果,1,1,0,1
1,梨子,1,1,0,1
2,橘子,1,1,0,1
3,桃子,1,1,0,1
4,菠萝,1,1,0,1
5,柚子,1,1,0,1
6,猕猴桃,1,1,0,1
7,生排骨,1,0,0,0
8,生姜,1,1,1,0
9,葱,1,1,1,0
10,面包,1,1,1,0
11,芹菜,1,0,0,0
12,黄瓜,1,1,1,0
13,萵苣,1,1,0,0
14,玄参,1,1,1,0
15,西红柿,1,1,1,1
16,巧克力,1,1,1,0
17,香菜,1,0,1,0
18,孜然,1,0,1,0
19,花椒,0,0,1,0
20,盐,0,0,1,0
21,干辣椒,0,0,1,0
22,橄榄油,0,0,1,0
23,胡椒,0,0,1,0
24,酱油,0,0,1,0
25,蔗糖,0,0,1,0
26,鱼板,1,0,0,0
27,韭菜,1,0,0,0
28,罗非鱼,1,0,0,0
29,青椒,1,0,1,0
30,红椒,1,0,1,0
31,淀粉,0,0,1,0
32,料酒,0,0,1,0
33,醋,0,0,1,0
34,水,1,1,1,0
35,柠檬汁,0,1,1,0
36,芝麻油,0,0,1,0
37,绿豆粉,1,0,0,0
38,香菇,1,0,0,0
39,猪肉,1,0,0,0
40,胡萝卜,1,1,0,1
41,卷心菜,1,0,0,0
42,猪油,0,0,1,0
43,冰糖,0,1,1,0
44,鸡肉,1,0,0,0
45,鸡翅,1,0,0,0
46,鸭脖,1,0,0,0
47,鸭胗,1,0,0,0
48,鸭头,1,0,0,0
49,蒜,1,1,1,1
50,八角,0,0,1,0
51,月桂叶,0,0,1,0
52,桂皮,0,0,1,0
53,莲藕,1,1,0,1
54,面粉,1,0,0,0
55,鸡蛋,1,1,0,0
56,大米,1,0,0,0
57,蜂蜜,0,1,1,0
58,蚝油,0,0,1,0
59,牛奶,1,1,0,0
60,调和油,0,0,1,0
61,黄油,0,0,1,0
62,鸡蛋豆腐,1,0,0,0
63,罗勒叶,0,0,1,0
64,芝麻,1,0,1,0
65,厨余,0,0,0,0
