cid,occupation,bmi_id,bodyfat_type,region
模板id,职业,体重模板,体脂率模板,权重区间
int,str,int,int,int
0,0,0,0,0
年龄段下体重对应各体脂率范围权重,,,,
0,student,0,0,45
1,student,0,1,10
2,student,0,2,14
3,student,0,3,6
4,student,0,4,23
5,student,0,5,2
6,student,1,0,23
7,student,1,1,45
8,student,1,2,10
9,student,1,3,14
10,student,1,4,6
11,student,1,5,2
12,student,2,0,2
13,student,2,1,23
14,student,2,2,45
15,student,2,3,10
16,student,2,4,14
17,student,2,5,6
18,student,3,0,2
19,student,3,1,6
20,student,3,2,23
21,student,3,3,45
22,student,3,4,10
23,student,3,5,14
24,student,4,0,2
25,student,4,1,14
26,student,4,2,6
27,student,4,3,23
28,student,4,4,45
29,student,4,5,10
30,student,5,0,2
31,student,5,1,10
32,student,5,2,14
33,student,5,3,6
34,student,5,4,23
35,student,5,5,45
36,teacher,0,0,37
37,teacher,0,1,6
38,teacher,0,2,10
39,teacher,0,3,28
40,teacher,0,4,17
41,teacher,0,5,2
42,teacher,1,0,17
43,teacher,1,1,37
44,teacher,1,2,6
45,teacher,1,3,10
46,teacher,1,4,28
47,teacher,1,5,2
48,teacher,2,0,2
49,teacher,2,1,17
50,teacher,2,2,37
51,teacher,2,3,6
52,teacher,2,4,10
53,teacher,2,5,28
54,teacher,3,0,2
55,teacher,3,1,28
56,teacher,3,2,17
57,teacher,3,3,37
58,teacher,3,4,6
59,teacher,3,5,10
60,teacher,4,0,2
61,teacher,4,1,10
62,teacher,4,2,28
63,teacher,4,3,17
64,teacher,4,4,37
65,teacher,4,5,6
66,teacher,5,0,2
67,teacher,5,1,6
68,teacher,5,2,10
69,teacher,5,3,28
70,teacher,5,4,17
71,teacher,5,5,37
