settle_type,son_type,settle_info,settle_id
心灵状态类结算器,快乐,增加少量快乐,add_small_happy
心灵状态类结算器,快乐,增加中量快乐,add_medium_happy
心灵状态类结算器,快乐,增加大量快乐,add_large_happy
心灵状态类结算器,快乐,减少少量快乐,sub_small_happy
心灵状态类结算器,快乐,减少中量快乐,sub_medium_happy
心灵状态类结算器,快乐,减少大量快乐,sub_large_happy
心灵状态类结算器,痛苦,增加少量痛苦,add_small_pain
心灵状态类结算器,痛苦,增加中量痛苦,add_medium_pain
心灵状态类结算器,痛苦,增加大量痛苦,add_large_pain
心灵状态类结算器,痛苦,减少少量痛苦,sub_small_pain
心灵状态类结算器,痛苦,减少中量痛苦,sub_medium_pain
心灵状态类结算器,痛苦,减少大量痛苦,sub_large_pain
心灵状态类结算器,渴望,增加少量渴望,add_small_yearn
心灵状态类结算器,渴望,增加中量渴望,add_medium_yearn
心灵状态类结算器,渴望,增加大量渴望,add_large_yearn
心灵状态类结算器,渴望,减少少量渴望,sub_small_yearn
心灵状态类结算器,渴望,减少中量渴望,sub_medium_yearn
心灵状态类结算器,渴望,减少大量渴望,sub_large_yearn
心灵状态类结算器,恐惧,增加少量恐惧,add_small_fear
心灵状态类结算器,恐惧,增加中量恐惧,add_medium_fear
心灵状态类结算器,恐惧,增加大量恐惧,add_large_fear
心灵状态类结算器,恐惧,减少少量恐惧,sub_small_fear
心灵状态类结算器,恐惧,减少中量恐惧,sub_medium_fear
心灵状态类结算器,恐惧,减少大量恐惧,sub_large_fear
心灵状态类结算器,反感,增加少量反感,add_small_antipathy
心灵状态类结算器,反感,增加中量反感,add_medium_antipathy
心灵状态类结算器,反感,增加大量反感,add_large_antipathy
心灵状态类结算器,反感,减少少量反感,sub_small_antipathy
心灵状态类结算器,反感,减少中量反感,sub_medium_antipathy
心灵状态类结算器,反感,减少大量反感,sub_large_antipathy
心灵状态类结算器,羞耻,增加少量羞耻,add_small_shame
心灵状态类结算器,羞耻,增加中量羞耻,add_medium_shame
心灵状态类结算器,羞耻,增加大量羞耻,add_large_shame
心灵状态类结算器,羞耻,减少少量羞耻,sub_small_shame
心灵状态类结算器,羞耻,减少中量羞耻,sub_medium_shame
心灵状态类结算器,羞耻,减少大量羞耻,sub_large_shame
心灵状态类结算器,抑郁,增加少量抑郁,add_small_depressed
心灵状态类结算器,抑郁,增加中量抑郁,add_medium_depressed
心灵状态类结算器,抑郁,增加大量抑郁,add_large_depressed
心灵状态类结算器,抑郁,减少少量抑郁,sub_small_depressed
心灵状态类结算器,抑郁,减少中量抑郁,sub_medium_depressed
心灵状态类结算器,抑郁,减少大量抑郁,sub_large_depressed
心灵状态类结算器,傲慢,增加少量傲慢,add_small_arrogant
心灵状态类结算器,傲慢,增加中量傲慢,add_medium_arrogant
心灵状态类结算器,傲慢,增加大量傲慢,add_large_arrogant
心灵状态类结算器,傲慢,减少少量傲慢,sub_small_arrogant
心灵状态类结算器,傲慢,减少中量傲慢,sub_medium_arrogant
心灵状态类结算器,傲慢,减少大量傲慢,sub_large_arrogant
心灵状态类结算器,嫉妒,增加少量嫉妒,add_small_envy
心灵状态类结算器,嫉妒,增加中量嫉妒,add_medium_envy
心灵状态类结算器,嫉妒,增加大量嫉妒,add_large_envy
心灵状态类结算器,嫉妒,减少少量嫉妒,sub_small_envy
心灵状态类结算器,嫉妒,减少中量嫉妒,sub_medium_envy
心灵状态类结算器,嫉妒,减少大量嫉妒,sub_large_envy
心灵状态类结算器,暴怒,增加少量暴怒,add_small_rage
心灵状态类结算器,暴怒,增加中量暴怒,add_medium_rage
心灵状态类结算器,暴怒,增加大量暴怒,add_large_rage
心灵状态类结算器,暴怒,减少少量暴怒,sub_small_rage
心灵状态类结算器,暴怒,减少中量暴怒,sub_medium_rage
心灵状态类结算器,暴怒,减少大量暴怒,sub_large_rage
心灵状态类结算器,懒惰,增加少量懒惰,add_small_lazy
心灵状态类结算器,懒惰,增加中量懒惰,add_medium_lazy
心灵状态类结算器,懒惰,增加大量懒惰,add_large_lazy
心灵状态类结算器,懒惰,减少少量懒惰,sub_small_lazy
心灵状态类结算器,懒惰,减少中量懒惰,sub_medium_lazy
心灵状态类结算器,懒惰,减少大量懒惰,sub_large_lazy
心灵状态类结算器,贪婪,增加少量贪婪,add_small_greedy
心灵状态类结算器,贪婪,增加中量贪婪,add_medium_greedy
心灵状态类结算器,贪婪,增加大量贪婪,add_large_greedy
心灵状态类结算器,贪婪,减少少量贪婪,sub_small_greedy
心灵状态类结算器,贪婪,减少中量贪婪,sub_medium_greedy
心灵状态类结算器,贪婪,减少大量贪婪,sub_large_greedy
心灵状态类结算器,暴食,增加少量暴食,add_small_gluttony
心灵状态类结算器,暴食,增加中量暴食,add_medium_gluttony
心灵状态类结算器,暴食,增加大量暴食,add_large_gluttony
心灵状态类结算器,暴食,减少少量暴食,sub_small_gluttony
心灵状态类结算器,暴食,减少中量暴食,sub_medium_gluttony
心灵状态类结算器,暴食,减少大量暴食,sub_large_gluttony
心灵状态类结算器,色欲,增加少量色欲,add_small_lust
心灵状态类结算器,色欲,增加中量色欲,add_medium_lust
心灵状态类结算器,色欲,增加大量色欲,add_large_lust
心灵状态类结算器,色欲,减少少量色欲,sub_small_lust
心灵状态类结算器,色欲,减少中量色欲,sub_medium_lust
心灵状态类结算器,色欲,减少大量色欲,sub_large_lust
交互对象心灵状态类结算器,快乐,交互对象增加少量快乐,target_add_small_happy
交互对象心灵状态类结算器,快乐,交互对象增加中量快乐,target_add_medium_happy
交互对象心灵状态类结算器,快乐,交互对象增加大量快乐,target_add_large_happy
交互对象心灵状态类结算器,快乐,交互对象减少少量快乐,target_sub_small_happy
交互对象心灵状态类结算器,快乐,交互对象减少中量快乐,target_sub_medium_happy
交互对象心灵状态类结算器,快乐,交互对象减少大量快乐,target_sub_large_happy
交互对象心灵状态类结算器,痛苦,交互对象增加少量痛苦,target_add_small_pain
交互对象心灵状态类结算器,痛苦,交互对象增加中量痛苦,target_add_medium_pain
交互对象心灵状态类结算器,痛苦,交互对象增加大量痛苦,target_add_large_pain
交互对象心灵状态类结算器,痛苦,交互对象减少少量痛苦,target_sub_small_pain
交互对象心灵状态类结算器,痛苦,交互对象减少中量痛苦,target_sub_medium_pain
交互对象心灵状态类结算器,痛苦,交互对象减少大量痛苦,target_sub_large_pain
交互对象心灵状态类结算器,渴望,交互对象增加少量渴望,target_add_small_yearn
交互对象心灵状态类结算器,渴望,交互对象增加中量渴望,target_add_medium_yearn
交互对象心灵状态类结算器,渴望,交互对象增加大量渴望,target_add_large_yearn
交互对象心灵状态类结算器,渴望,交互对象减少少量渴望,target_sub_small_yearn
交互对象心灵状态类结算器,渴望,交互对象减少中量渴望,target_sub_medium_yearn
交互对象心灵状态类结算器,渴望,交互对象减少大量渴望,target_sub_large_yearn
交互对象心灵状态类结算器,恐惧,交互对象增加少量恐惧,target_add_small_fear
交互对象心灵状态类结算器,恐惧,交互对象增加中量恐惧,target_add_medium_fear
交互对象心灵状态类结算器,恐惧,交互对象增加大量恐惧,target_add_large_fear
交互对象心灵状态类结算器,恐惧,交互对象减少少量恐惧,target_sub_small_fear
交互对象心灵状态类结算器,恐惧,交互对象减少中量恐惧,target_sub_medium_fear
交互对象心灵状态类结算器,恐惧,交互对象减少大量恐惧,target_sub_large_fear
交互对象心灵状态类结算器,反感,交互对象增加少量反感,target_add_small_antipathy
交互对象心灵状态类结算器,反感,交互对象增加中量反感,target_add_medium_antipathy
交互对象心灵状态类结算器,反感,交互对象增加大量反感,target_add_large_antipathy
交互对象心灵状态类结算器,反感,交互对象减少少量反感,target_sub_small_antipathy
交互对象心灵状态类结算器,反感,交互对象减少中量反感,target_sub_medium_antipathy
交互对象心灵状态类结算器,反感,交互对象减少大量反感,target_sub_large_antipathy
交互对象心灵状态类结算器,羞耻,交互对象增加少量羞耻,target_add_small_shame
交互对象心灵状态类结算器,羞耻,交互对象增加中量羞耻,target_add_medium_shame
交互对象心灵状态类结算器,羞耻,交互对象增加大量羞耻,target_add_large_shame
交互对象心灵状态类结算器,羞耻,交互对象减少少量羞耻,target_sub_small_shame
交互对象心灵状态类结算器,羞耻,交互对象减少中量羞耻,target_sub_medium_shame
交互对象心灵状态类结算器,羞耻,交互对象减少大量羞耻,target_sub_large_shame
交互对象心灵状态类结算器,抑郁,交互对象增加少量抑郁,target_add_small_depressed
交互对象心灵状态类结算器,抑郁,交互对象增加中量抑郁,target_add_medium_depressed
交互对象心灵状态类结算器,抑郁,交互对象增加大量抑郁,target_add_large_depressed
交互对象心灵状态类结算器,抑郁,交互对象减少少量抑郁,target_sub_small_depressed
交互对象心灵状态类结算器,抑郁,交互对象减少中量抑郁,target_sub_medium_depressed
交互对象心灵状态类结算器,抑郁,交互对象减少大量抑郁,target_sub_large_depressed
交互对象心灵状态类结算器,傲慢,交互对象增加少量傲慢,target_add_small_arrogant
交互对象心灵状态类结算器,傲慢,交互对象增加中量傲慢,target_add_medium_arrogant
交互对象心灵状态类结算器,傲慢,交互对象增加大量傲慢,target_add_large_arrogant
交互对象心灵状态类结算器,傲慢,交互对象减少少量傲慢,target_sub_small_arrogant
交互对象心灵状态类结算器,傲慢,交互对象减少中量傲慢,target_sub_medium_arrogant
交互对象心灵状态类结算器,傲慢,交互对象减少大量傲慢,target_sub_large_arrogant
交互对象心灵状态类结算器,嫉妒,交互对象增加少量嫉妒,target_add_small_envy
交互对象心灵状态类结算器,嫉妒,交互对象增加中量嫉妒,target_add_medium_envy
交互对象心灵状态类结算器,嫉妒,交互对象增加大量嫉妒,target_add_large_envy
交互对象心灵状态类结算器,嫉妒,交互对象减少少量嫉妒,target_sub_small_envy
交互对象心灵状态类结算器,嫉妒,交互对象减少中量嫉妒,target_sub_medium_envy
交互对象心灵状态类结算器,嫉妒,交互对象减少大量嫉妒,target_sub_large_envy
交互对象心灵状态类结算器,暴怒,交互对象增加少量暴怒,target_add_small_rage
交互对象心灵状态类结算器,暴怒,交互对象增加中量暴怒,target_add_medium_rage
交互对象心灵状态类结算器,暴怒,交互对象增加大量暴怒,target_add_large_rage
交互对象心灵状态类结算器,暴怒,交互对象减少少量暴怒,target_sub_small_rage
交互对象心灵状态类结算器,暴怒,交互对象减少中量暴怒,target_sub_medium_rage
交互对象心灵状态类结算器,暴怒,交互对象减少大量暴怒,target_sub_large_rage
交互对象心灵状态类结算器,懒惰,交互对象增加少量懒惰,target_add_small_lazy
交互对象心灵状态类结算器,懒惰,交互对象增加中量懒惰,target_add_medium_lazy
交互对象心灵状态类结算器,懒惰,交互对象增加大量懒惰,target_add_large_lazy
交互对象心灵状态类结算器,懒惰,交互对象减少少量懒惰,target_sub_small_lazy
交互对象心灵状态类结算器,懒惰,交互对象减少中量懒惰,target_sub_medium_lazy
交互对象心灵状态类结算器,懒惰,交互对象减少大量懒惰,target_sub_large_lazy
交互对象心灵状态类结算器,贪婪,交互对象增加少量贪婪,target_add_small_greedy
交互对象心灵状态类结算器,贪婪,交互对象增加中量贪婪,target_add_medium_greedy
交互对象心灵状态类结算器,贪婪,交互对象增加大量贪婪,target_add_large_greedy
交互对象心灵状态类结算器,贪婪,交互对象减少少量贪婪,target_sub_small_greedy
交互对象心灵状态类结算器,贪婪,交互对象减少中量贪婪,target_sub_medium_greedy
交互对象心灵状态类结算器,贪婪,交互对象减少大量贪婪,target_sub_large_greedy
交互对象心灵状态类结算器,暴食,交互对象增加少量暴食,target_add_small_gluttony
交互对象心灵状态类结算器,暴食,交互对象增加中量暴食,target_add_medium_gluttony
交互对象心灵状态类结算器,暴食,交互对象增加大量暴食,target_add_large_gluttony
交互对象心灵状态类结算器,暴食,交互对象减少少量暴食,target_sub_small_gluttony
交互对象心灵状态类结算器,暴食,交互对象减少中量暴食,target_sub_medium_gluttony
交互对象心灵状态类结算器,暴食,交互对象减少大量暴食,target_sub_large_gluttony
交互对象心灵状态类结算器,色欲,交互对象增加少量色欲,target_add_small_lust
交互对象心灵状态类结算器,色欲,交互对象增加中量色欲,target_add_medium_lust
交互对象心灵状态类结算器,色欲,交互对象增加大量色欲,target_add_large_lust
交互对象心灵状态类结算器,色欲,交互对象减少少量色欲,target_sub_small_lust
交互对象心灵状态类结算器,色欲,交互对象减少中量色欲,target_sub_medium_lust
交互对象心灵状态类结算器,色欲,交互对象减少大量色欲,target_sub_large_lust
肉体状态类结算器,体力,增加少量体力,add_small_hit_point
肉体状态类结算器,体力,增加中量体力,add_medium_hit_point
肉体状态类结算器,体力,增加大量体力,add_large_hit_point
肉体状态类结算器,体力,减少少量体力,sub_small_hit_point
肉体状态类结算器,体力,减少中量体力,sub_medium_hit_point
肉体状态类结算器,体力,减少大量体力,sub_large_hit_point
肉体状态类结算器,气力,增加少量气力,add_small_mana_point
肉体状态类结算器,气力,增加中量气力,add_medium_mana_point
肉体状态类结算器,气力,增加大量气力,add_large_mana_point
肉体状态类结算器,气力,减少少量气力,sub_small_mana_point
肉体状态类结算器,气力,减少中量气力,sub_medium_mana_point
肉体状态类结算器,气力,减少大量气力,sub_large_mana_point
肉体状态类结算器,疼痛,增加少量疼痛,add_small_ache
肉体状态类结算器,疼痛,增加中量疼痛,add_medium_ache
肉体状态类结算器,疼痛,增加大量疼痛,add_large_ache
肉体状态类结算器,疼痛,减少少量疼痛,sub_small_ache
肉体状态类结算器,疼痛,减少中量疼痛,sub_medium_ache
肉体状态类结算器,疼痛,减少大量疼痛,sub_large_ache
肉体状态类结算器,眩晕,增加少量眩晕,add_small_vertigo
肉体状态类结算器,眩晕,增加中量眩晕,add_medium_vertigo
肉体状态类结算器,眩晕,增加大量眩晕,add_large_vertigo
肉体状态类结算器,眩晕,减少少量眩晕,sub_small_vertigo
肉体状态类结算器,眩晕,减少中量眩晕,sub_medium_vertigo
肉体状态类结算器,眩晕,减少大量眩晕,sub_large_vertigo
肉体状态类结算器,疲惫,增加少量疲惫,add_small_tired
肉体状态类结算器,疲惫,增加中量疲惫,add_medium_tired
肉体状态类结算器,疲惫,增加大量疲惫,add_large_tired
肉体状态类结算器,疲惫,减少少量疲惫,sub_small_tired
肉体状态类结算器,疲惫,减少中量疲惫,sub_medium_tired
肉体状态类结算器,疲惫,减少大量疲惫,sub_large_tired
肉体状态类结算器,迷醉,增加少量迷醉,add_small_intoxicated
肉体状态类结算器,迷醉,增加中量迷醉,add_medium_intoxicated
肉体状态类结算器,迷醉,增加大量迷醉,add_large_intoxicated
肉体状态类结算器,迷醉,减少少量迷醉,sub_small_intoxicated
肉体状态类结算器,迷醉,减少中量迷醉,sub_medium_intoxicated
肉体状态类结算器,迷醉,减少大量迷醉,sub_large_intoxicated
交互对象肉体状态类结算器,体力,交互对象增加少量体力,target_add_small_hit_point
交互对象肉体状态类结算器,体力,交互对象增加中量体力,target_add_medium_hit_point
交互对象肉体状态类结算器,体力,交互对象增加大量体力,target_add_large_hit_point
交互对象肉体状态类结算器,体力,交互对象减少少量体力,target_sub_small_hit_point
交互对象肉体状态类结算器,体力,交互对象减少中量体力,target_sub_medium_hit_point
交互对象肉体状态类结算器,体力,交互对象减少大量体力,target_sub_large_hit_point
交互对象肉体状态类结算器,气力,交互对象增加少量气力,target_add_small_mana_point
交互对象肉体状态类结算器,气力,交互对象增加中量气力,target_add_medium_mana_point
交互对象肉体状态类结算器,气力,交互对象增加大量气力,target_add_large_mana_point
交互对象肉体状态类结算器,气力,交互对象减少少量气力,target_sub_small_mana_point
交互对象肉体状态类结算器,气力,交互对象减少中量气力,target_sub_medium_mana_point
交互对象肉体状态类结算器,气力,交互对象减少大量气力,target_sub_large_mana_point
交互对象肉体状态类结算器,疼痛,交互对象增加少量疼痛,target_add_small_ache
交互对象肉体状态类结算器,疼痛,交互对象增加中量疼痛,target_add_medium_ache
交互对象肉体状态类结算器,疼痛,交互对象增加大量疼痛,target_add_large_ache
交互对象肉体状态类结算器,疼痛,交互对象减少少量疼痛,target_sub_small_ache
交互对象肉体状态类结算器,疼痛,交互对象减少中量疼痛,target_sub_medium_ache
交互对象肉体状态类结算器,疼痛,交互对象减少大量疼痛,target_sub_large_ache
交互对象肉体状态类结算器,眩晕,交互对象增加少量眩晕,target_add_small_vertigo
交互对象肉体状态类结算器,眩晕,交互对象增加中量眩晕,target_add_medium_vertigo
交互对象肉体状态类结算器,眩晕,交互对象增加大量眩晕,target_add_large_vertigo
交互对象肉体状态类结算器,眩晕,交互对象减少少量眩晕,target_sub_small_vertigo
交互对象肉体状态类结算器,眩晕,交互对象减少中量眩晕,target_sub_medium_vertigo
交互对象肉体状态类结算器,眩晕,交互对象减少大量眩晕,target_sub_large_vertigo
交互对象肉体状态类结算器,疲惫,交互对象增加少量疲惫,target_add_small_tired
交互对象肉体状态类结算器,疲惫,交互对象增加中量疲惫,target_add_medium_tired
交互对象肉体状态类结算器,疲惫,交互对象增加大量疲惫,target_add_large_tired
交互对象肉体状态类结算器,疲惫,交互对象减少少量疲惫,target_sub_small_tired
交互对象肉体状态类结算器,疲惫,交互对象减少中量疲惫,target_sub_medium_tired
交互对象肉体状态类结算器,疲惫,交互对象减少大量疲惫,target_sub_large_tired
交互对象肉体状态类结算器,迷醉,交互对象增加少量迷醉,target_add_small_intoxicated
交互对象肉体状态类结算器,迷醉,交互对象增加中量迷醉,target_add_medium_intoxicated
交互对象肉体状态类结算器,迷醉,交互对象增加大量迷醉,target_add_large_intoxicated
交互对象肉体状态类结算器,迷醉,交互对象减少少量迷醉,target_sub_small_intoxicated
交互对象肉体状态类结算器,迷醉,交互对象减少中量迷醉,target_sub_medium_intoxicated
交互对象肉体状态类结算器,迷醉,交互对象减少大量迷醉,target_sub_large_intoxicated
快感类结算器,嘴部快感,增加少量嘴部快感,add_small_mouth_happy
快感类结算器,嘴部快感,增加中量嘴部快感,add_medium_mouth_happy
快感类结算器,嘴部快感,增加大量嘴部快感,add_large_mouth_happy
快感类结算器,嘴部快感,减少少量嘴部快感,sub_small_mouth_happy
快感类结算器,嘴部快感,减少中量嘴部快感,sub_medium_mouth_happy
快感类结算器,嘴部快感,减少大量嘴部快感,sub_large_mouth_happy
快感类结算器,胸部快感,增加少量胸部快感,add_small_chest_happy
快感类结算器,胸部快感,增加中量胸部快感,add_medium_chest_happy
快感类结算器,胸部快感,增加大量胸部快感,add_large_chest_happy
快感类结算器,胸部快感,减少少量胸部快感,sub_small_chest_happy
快感类结算器,胸部快感,减少中量胸部快感,sub_medium_chest_happy
快感类结算器,胸部快感,减少大量胸部快感,sub_large_chest_happy
快感类结算器,阴道快感,增加少量阴道快感,add_small_vagina_happy
快感类结算器,阴道快感,增加中量阴道快感,add_medium_vagina_happy
快感类结算器,阴道快感,增加大量阴道快感,add_large_vagina_happy
快感类结算器,阴道快感,减少少量阴道快感,sub_small_vagina_happy
快感类结算器,阴道快感,减少中量阴道快感,sub_medium_vagina_happy
快感类结算器,阴道快感,减少大量阴道快感,sub_large_vagina_happy
快感类结算器,阴蒂快感,增加少量阴蒂快感,add_small_clitoris_happy
快感类结算器,阴蒂快感,增加中量阴蒂快感,add_medium_clitoris_happy
快感类结算器,阴蒂快感,增加大量阴蒂快感,add_large_clitoris_happy
快感类结算器,阴蒂快感,减少少量阴蒂快感,sub_small_clitoris_happy
快感类结算器,阴蒂快感,减少中量阴蒂快感,sub_medium_clitoris_happy
快感类结算器,阴蒂快感,减少大量阴蒂快感,sub_large_clitoris_happy
快感类结算器,肛门快感,增加少量肛门快感,add_small_anus_happy
快感类结算器,肛门快感,增加中量肛门快感,add_medium_anus_happy
快感类结算器,肛门快感,增加大量肛门快感,add_large_anus_happy
快感类结算器,肛门快感,减少少量肛门快感,sub_small_anus_happy
快感类结算器,肛门快感,减少中量肛门快感,sub_medium_anus_happy
快感类结算器,肛门快感,减少大量肛门快感,sub_large_anus_happy
快感类结算器,阴茎快感,增加少量阴茎快感,add_small_penis_happy
快感类结算器,阴茎快感,增加中量阴茎快感,add_medium_penis_happy
快感类结算器,阴茎快感,增加大量阴茎快感,add_large_penis_happy
快感类结算器,阴茎快感,减少少量阴茎快感,sub_small_penis_happy
快感类结算器,阴茎快感,减少中量阴茎快感,sub_medium_penis_happy
快感类结算器,阴茎快感,减少大量阴茎快感,sub_large_penis_happy
交互对象快感类结算器,嘴部快感,交互对象增加少量嘴部快感,target_add_small_mouth_happy
交互对象快感类结算器,嘴部快感,交互对象增加中量嘴部快感,target_add_medium_mouth_happy
交互对象快感类结算器,嘴部快感,交互对象增加大量嘴部快感,target_add_large_mouth_happy
交互对象快感类结算器,嘴部快感,交互对象减少少量嘴部快感,target_sub_small_mouth_happy
交互对象快感类结算器,嘴部快感,交互对象减少中量嘴部快感,target_sub_medium_mouth_happy
交互对象快感类结算器,嘴部快感,交互对象减少大量嘴部快感,target_sub_large_mouth_happy
交互对象快感类结算器,胸部快感,交互对象增加少量胸部快感,target_add_small_chest_happy
交互对象快感类结算器,胸部快感,交互对象增加中量胸部快感,target_add_medium_chest_happy
交互对象快感类结算器,胸部快感,交互对象增加大量胸部快感,target_add_large_chest_happy
交互对象快感类结算器,胸部快感,交互对象减少少量胸部快感,target_sub_small_chest_happy
交互对象快感类结算器,胸部快感,交互对象减少中量胸部快感,target_sub_medium_chest_happy
交互对象快感类结算器,胸部快感,交互对象减少大量胸部快感,target_sub_large_chest_happy
交互对象快感类结算器,阴道快感,交互对象增加少量阴道快感,target_add_small_vagina_happy
交互对象快感类结算器,阴道快感,交互对象增加中量阴道快感,target_add_medium_vagina_happy
交互对象快感类结算器,阴道快感,交互对象增加大量阴道快感,target_add_large_vagina_happy
交互对象快感类结算器,阴道快感,交互对象减少少量阴道快感,target_sub_small_vagina_happy
交互对象快感类结算器,阴道快感,交互对象减少中量阴道快感,target_sub_medium_vagina_happy
交互对象快感类结算器,阴道快感,交互对象减少大量阴道快感,target_sub_large_vagina_happy
交互对象快感类结算器,阴蒂快感,交互对象增加少量阴蒂快感,target_add_small_clitoris_happy
交互对象快感类结算器,阴蒂快感,交互对象增加中量阴蒂快感,target_add_medium_clitoris_happy
交互对象快感类结算器,阴蒂快感,交互对象增加大量阴蒂快感,target_add_large_clitoris_happy
交互对象快感类结算器,阴蒂快感,交互对象减少少量阴蒂快感,target_sub_small_clitoris_happy
交互对象快感类结算器,阴蒂快感,交互对象减少中量阴蒂快感,target_sub_medium_clitoris_happy
交互对象快感类结算器,阴蒂快感,交互对象减少大量阴蒂快感,target_sub_large_clitoris_happy
交互对象快感类结算器,肛门快感,交互对象增加少量肛门快感,target_add_small_anus_happy
交互对象快感类结算器,肛门快感,交互对象增加中量肛门快感,target_add_medium_anus_happy
交互对象快感类结算器,肛门快感,交互对象增加大量肛门快感,target_add_large_anus_happy
交互对象快感类结算器,肛门快感,交互对象减少少量肛门快感,target_sub_small_anus_happy
交互对象快感类结算器,肛门快感,交互对象减少中量肛门快感,target_sub_medium_anus_happy
交互对象快感类结算器,肛门快感,交互对象减少大量肛门快感,target_sub_large_anus_happy
交互对象快感类结算器,阴茎快感,交互对象增加少量阴茎快感,target_add_small_penis_happy
交互对象快感类结算器,阴茎快感,交互对象增加中量阴茎快感,target_add_medium_penis_happy
交互对象快感类结算器,阴茎快感,交互对象增加大量阴茎快感,target_add_large_penis_happy
交互对象快感类结算器,阴茎快感,交互对象减少少量阴茎快感,target_sub_small_penis_happy
交互对象快感类结算器,阴茎快感,交互对象减少中量阴茎快感,target_sub_medium_penis_happy
人文技能类结算器,伦理,增加少量伦理经验,add_small_ethic_experience
人文技能类结算器,伦理,增加中量伦理经验,add_medium_ethic_experience
人文技能类结算器,伦理,增加大量伦理经验,add_large_ethic_experience
人文技能类结算器,道德,增加少量道德经验,add_small_morality_experience
人文技能类结算器,道德,增加中量道德经验,add_medium_morality_experience
人文技能类结算器,道德,增加大量道德经验,add_large_morality_experience
人文技能类结算器,文学,增加少量文学经验,add_small_literature_experience
人文技能类结算器,文学,增加中量文学经验,add_medium_literature_experience
人文技能类结算器,文学,增加大量文学经验,add_large_literature_experience
人文技能类结算器,诗歌,增加少量诗歌经验,add_small_poetry_experience
人文技能类结算器,诗歌,增加中量诗歌经验,add_medium_poetry_experience
人文技能类结算器,诗歌,增加大量诗歌经验,add_large_poetry_experience
人文技能类结算器,历史,增加少量历史经验,add_small_history_experience
人文技能类结算器,历史,增加中量历史经验,add_medium_history_experience
人文技能类结算器,历史,增加大量历史经验,add_large_history_experience
人文技能类结算器,艺术,增加少量艺术经验,add_small_art_experience
人文技能类结算器,艺术,增加中量艺术经验,add_medium_art_experience
人文技能类结算器,艺术,增加大量艺术经验,add_large_art_experience
人文技能类结算器,乐理,增加少量乐理经验,add_small_music_experience
人文技能类结算器,乐理,增加中量乐理经验,add_medium_music_experience
人文技能类结算器,乐理,增加大量乐理经验,add_large_music_experience
人文技能类结算器,宗教,增加少量宗教经验,add_small_religion_experience
人文技能类结算器,宗教,增加中量宗教经验,add_medium_religion_experience
人文技能类结算器,宗教,增加大量宗教经验,add_large_religion_experience
人文技能类结算器,信仰,增加少量信仰经验,add_small_faith_experience
人文技能类结算器,信仰,增加中量信仰经验,add_medium_faith_experience
人文技能类结算器,信仰,增加大量信仰经验,add_large_faith_experience
交互对象快感类结算器,阴茎快感,交互对象减少大量阴茎快感,target_sub_large_penis_happy
交互对象人文技能类结算器,伦理,交互对象增加少量伦理经验,target_add_small_ethic_experience
交互对象人文技能类结算器,伦理,交互对象增加中量伦理经验,target_add_medium_ethic_experience
交互对象人文技能类结算器,伦理,交互对象增加大量伦理经验,target_add_large_ethic_experience
交互对象人文技能类结算器,道德,交互对象增加少量道德经验,target_add_small_morality_experience
交互对象人文技能类结算器,道德,交互对象增加中量道德经验,target_add_medium_morality_experience
交互对象人文技能类结算器,道德,交互对象增加大量道德经验,target_add_large_morality_experience
交互对象人文技能类结算器,文学,交互对象增加少量文学经验,target_add_small_literature_experience
交互对象人文技能类结算器,文学,交互对象增加中量文学经验,target_add_medium_literature_experience
交互对象人文技能类结算器,文学,交互对象增加大量文学经验,target_add_large_literature_experience
交互对象人文技能类结算器,诗歌,交互对象增加少量诗歌经验,target_add_small_poetry_experience
交互对象人文技能类结算器,诗歌,交互对象增加中量诗歌经验,target_add_medium_poetry_experience
交互对象人文技能类结算器,诗歌,交互对象增加大量诗歌经验,target_add_large_poetry_experience
交互对象人文技能类结算器,历史,交互对象增加少量历史经验,target_add_small_history_experience
交互对象人文技能类结算器,历史,交互对象增加中量历史经验,target_add_medium_history_experience
交互对象人文技能类结算器,历史,交互对象增加大量历史经验,target_add_large_history_experience
交互对象人文技能类结算器,艺术,交互对象增加少量艺术经验,target_add_small_art_experience
交互对象人文技能类结算器,艺术,交互对象增加中量艺术经验,target_add_medium_art_experience
交互对象人文技能类结算器,艺术,交互对象增加大量艺术经验,target_add_large_art_experience
交互对象人文技能类结算器,乐理,交互对象增加少量乐理经验,target_add_small_music_experience
交互对象人文技能类结算器,乐理,交互对象增加中量乐理经验,target_add_medium_music_experience
交互对象人文技能类结算器,乐理,交互对象增加大量乐理经验,target_add_large_music_experience
交互对象人文技能类结算器,宗教,交互对象增加少量宗教经验,target_add_small_religion_experience
交互对象人文技能类结算器,宗教,交互对象增加中量宗教经验,target_add_medium_religion_experience
交互对象人文技能类结算器,宗教,交互对象增加大量宗教经验,target_add_large_religion_experience
交互对象人文技能类结算器,信仰,交互对象增加少量信仰经验,target_add_small_faith_experience
交互对象人文技能类结算器,信仰,交互对象增加中量信仰经验,target_add_medium_faith_experience
交互对象人文技能类结算器,信仰,交互对象增加大量信仰经验,target_add_large_faith_experience
技巧技能类结算器,性爱,增加少量性爱经验,add_small_sexual_experience
技巧技能类结算器,性爱,增加中量性爱经验,add_medium_sexual_experience
技巧技能类结算器,性爱,增加大量性爱经验,add_large_sexual_experience
技巧技能类结算器,计算机,增加少量计算机经验,add_small_computer_experience
技巧技能类结算器,计算机,增加中量计算机经验,add_medium_computer_experience
技巧技能类结算器,计算机,增加大量计算机经验,add_large_computer_experience
技巧技能类结算器,表演,增加少量表演经验,add_small_performance_experience
技巧技能类结算器,表演,增加中量表演经验,add_medium_performance_experience
技巧技能类结算器,表演,增加大量表演经验,add_large_performance_experience
技巧技能类结算器,口才,增加少量口才经验,add_small_eloquence_experience
技巧技能类结算器,口才,增加中量口才经验,add_medium_eloquence_experience
技巧技能类结算器,口才,增加大量口才经验,add_large_eloquence_experience
技巧技能类结算器,绘画,增加少量绘画经验,add_small_painting_experience
技巧技能类结算器,绘画,增加中量绘画经验,add_medium_painting_experience
技巧技能类结算器,绘画,增加大量绘画经验,add_large_painting_experience
技巧技能类结算器,拍摄,增加少量拍摄经验,add_small_shoot_experience
技巧技能类结算器,拍摄,增加中量拍摄经验,add_medium_shoot_experience
技巧技能类结算器,拍摄,增加大量拍摄经验,add_large_shoot_experience
技巧技能类结算器,演唱,增加少量演唱经验,add_small_singing_experience
技巧技能类结算器,演唱,增加中量演唱经验,add_medium_singing_experience
技巧技能类结算器,演唱,增加大量演唱经验,add_large_singing_experience
技巧技能类结算器,作曲,增加少量作曲经验,add_small_write_music_experience
技巧技能类结算器,作曲,增加中量作曲经验,add_medium_write_music_experience
技巧技能类结算器,作曲,增加大量作曲经验,add_large_write_music_experience
技巧技能类结算器,厨艺,增加少量厨艺经验,add_small_cooking_experience
技巧技能类结算器,厨艺,增加中量厨艺经验,add_medium_cooking_experience
技巧技能类结算器,厨艺,增加大量厨艺经验,add_large_cooking_experience
技巧技能类结算器,舞蹈,增加少量舞蹈经验,add_small_dance_experience
技巧技能类结算器,舞蹈,增加中量舞蹈经验,add_medium_dance_experience
技巧技能类结算器,舞蹈,增加大量舞蹈经验,add_large_dance_experience
技巧技能类结算器,裁缝,增加少量裁缝经验,add_small_tailor_experience
技巧技能类结算器,裁缝,增加中量裁缝经验,add_medium_tailor_experience
技巧技能类结算器,裁缝,增加大量裁缝经验,add_large_tailor_experience
技巧技能类结算器,战术,增加少量战术经验,add_small_tactics_experience
技巧技能类结算器,战术,增加中量战术经验,add_medium_tactics_experience
技巧技能类结算器,战术,增加大量战术经验,add_large_tactics_experience
技巧技能类结算器,游泳,增加少量游泳经验,add_small_swimming_experience
技巧技能类结算器,游泳,增加中量游泳经验,add_medium_swimming_experience
技巧技能类结算器,游泳,增加大量游泳经验,add_large_swimming_experience
技巧技能类结算器,制造,增加少量制造经验,add_small_manufacture_experience
技巧技能类结算器,制造,增加中量制造经验,add_medium_manufacture_experience
技巧技能类结算器,制造,增加大量制造经验,add_large_manufacture_experience
技巧技能类结算器,急救,增加少量急救经验,add_small_first_aid_experience
技巧技能类结算器,急救,增加中量急救经验,add_medium_first_aid_experience
技巧技能类结算器,急救,增加大量急救经验,add_large_first_aid_experience
技巧技能类结算器,解剖,增加少量解剖经验,add_small_anatomy_experience
技巧技能类结算器,解剖,增加中量解剖经验,add_medium_anatomy_experience
技巧技能类结算器,解剖,增加大量解剖经验,add_large_anatomy_experience
技巧技能类结算器,演奏,增加少量演奏经验,add_small_play_music_experience
技巧技能类结算器,演奏,增加中量演奏经验,add_medium_play_music_experience
技巧技能类结算器,演奏,增加大量演奏经验,add_large_play_music_experience
技巧技能类结算器,编程,增加少量编程经验,add_small_programming_experience
技巧技能类结算器,编程,增加中量编程经验,add_medium_programming_experience
技巧技能类结算器,编程,增加大量编程经验,add_large_programming_experience
技巧技能类结算器,黑客,增加少量黑客经验,add_small_hacker_experience
技巧技能类结算器,黑客,增加中量黑客经验,add_medium_hacker_experience
技巧技能类结算器,黑客,增加大量黑客经验,add_large_hacker_experience
技巧技能类结算器,写作,增加少量写作经验,add_small_write_experience
技巧技能类结算器,写作,增加中量写作经验,add_medium_write_experience
技巧技能类结算器,写作,增加大量写作经验,add_large_write_experience
技巧技能类结算器,交易,增加少量交易经验,add_small_transaction_experience
技巧技能类结算器,交易,增加中量交易经验,add_medium_transaction_experience
技巧技能类结算器,交易,增加大量交易经验,add_large_transaction_experience
技巧技能类结算器,礼仪,增加少量礼仪经验,add_small_ceremony_experience
技巧技能类结算器,礼仪,增加中量礼仪经验,add_medium_ceremony_experience
技巧技能类结算器,礼仪,增加大量礼仪经验,add_large_ceremony_experience
技巧技能类结算器,运动,增加少量运动经验,add_small_motion_experience
技巧技能类结算器,运动,增加中量运动经验,add_medium_motion_experience
技巧技能类结算器,运动,增加大量运动经验,add_large_motion_experience
交互对象技巧技能类结算器,性爱,交互对象增加少量性爱经验,target_add_small_sexual_experience
交互对象技巧技能类结算器,性爱,交互对象增加中量性爱经验,target_add_medium_sexual_experience
交互对象技巧技能类结算器,性爱,交互对象增加大量性爱经验,target_add_large_sexual_experience
交互对象技巧技能类结算器,计算机,交互对象增加少量计算机经验,target_add_small_computer_experience
交互对象技巧技能类结算器,计算机,交互对象增加中量计算机经验,target_add_medium_computer_experience
交互对象技巧技能类结算器,计算机,交互对象增加大量计算机经验,target_add_large_computer_experience
交互对象技巧技能类结算器,表演,交互对象增加少量表演经验,target_add_small_performance_experience
交互对象技巧技能类结算器,表演,交互对象增加中量表演经验,target_add_medium_performance_experience
交互对象技巧技能类结算器,表演,交互对象增加大量表演经验,target_add_large_performance_experience
交互对象技巧技能类结算器,口才,交互对象增加少量口才经验,target_add_small_eloquence_experience
交互对象技巧技能类结算器,口才,交互对象增加中量口才经验,target_add_medium_eloquence_experience
交互对象技巧技能类结算器,口才,交互对象增加大量口才经验,target_add_large_eloquence_experience
交互对象技巧技能类结算器,绘画,交互对象增加少量绘画经验,target_add_small_painting_experience
交互对象技巧技能类结算器,绘画,交互对象增加中量绘画经验,target_add_medium_painting_experience
交互对象技巧技能类结算器,绘画,交互对象增加大量绘画经验,target_add_large_painting_experience
交互对象技巧技能类结算器,拍摄,交互对象增加少量拍摄经验,target_add_small_shoot_experience
交互对象技巧技能类结算器,拍摄,交互对象增加中量拍摄经验,target_add_medium_shoot_experience
交互对象技巧技能类结算器,拍摄,交互对象增加大量拍摄经验,target_add_large_shoot_experience
交互对象技巧技能类结算器,演唱,交互对象增加少量演唱经验,target_add_small_singing_experience
交互对象技巧技能类结算器,演唱,交互对象增加中量演唱经验,target_add_medium_singing_experience
交互对象技巧技能类结算器,演唱,交互对象增加大量演唱经验,target_add_large_singing_experience
交互对象技巧技能类结算器,作曲,交互对象增加少量作曲经验,target_add_small_write_music_experience
交互对象技巧技能类结算器,作曲,交互对象增加中量作曲经验,target_add_medium_write_music_experience
交互对象技巧技能类结算器,作曲,交互对象增加大量作曲经验,target_add_large_write_music_experience
交互对象技巧技能类结算器,厨艺,交互对象增加少量厨艺经验,target_add_small_cooking_experience
交互对象技巧技能类结算器,厨艺,交互对象增加中量厨艺经验,target_add_medium_cooking_experience
交互对象技巧技能类结算器,厨艺,交互对象增加大量厨艺经验,target_add_large_cooking_experience
交互对象技巧技能类结算器,舞蹈,交互对象增加少量舞蹈经验,target_add_small_dance_experience
交互对象技巧技能类结算器,舞蹈,交互对象增加中量舞蹈经验,target_add_medium_dance_experience
交互对象技巧技能类结算器,舞蹈,交互对象增加大量舞蹈经验,target_add_large_dance_experience
交互对象技巧技能类结算器,裁缝,交互对象增加少量裁缝经验,target_add_small_tailor_experience
交互对象技巧技能类结算器,裁缝,交互对象增加中量裁缝经验,target_add_medium_tailor_experience
交互对象技巧技能类结算器,裁缝,交互对象增加大量裁缝经验,target_add_large_tailor_experience
交互对象技巧技能类结算器,战术,交互对象增加少量战术经验,target_add_small_tactics_experience
交互对象技巧技能类结算器,战术,交互对象增加中量战术经验,target_add_medium_tactics_experience
交互对象技巧技能类结算器,战术,交互对象增加大量战术经验,target_add_large_tactics_experience
交互对象技巧技能类结算器,游泳,交互对象增加少量游泳经验,target_add_small_swimming_experience
交互对象技巧技能类结算器,游泳,交互对象增加中量游泳经验,target_add_medium_swimming_experience
交互对象技巧技能类结算器,游泳,交互对象增加大量游泳经验,target_add_large_swimming_experience
交互对象技巧技能类结算器,制造,交互对象增加少量制造经验,target_add_small_manufacture_experience
交互对象技巧技能类结算器,制造,交互对象增加中量制造经验,target_add_medium_manufacture_experience
交互对象技巧技能类结算器,制造,交互对象增加大量制造经验,target_add_large_manufacture_experience
交互对象技巧技能类结算器,急救,交互对象增加少量急救经验,target_add_small_first_aid_experience
交互对象技巧技能类结算器,急救,交互对象增加中量急救经验,target_add_medium_first_aid_experience
交互对象技巧技能类结算器,急救,交互对象增加大量急救经验,target_add_large_first_aid_experience
交互对象技巧技能类结算器,解剖,交互对象增加少量解剖经验,target_add_small_anatomy_experience
交互对象技巧技能类结算器,解剖,交互对象增加中量解剖经验,target_add_medium_anatomy_experience
交互对象技巧技能类结算器,解剖,交互对象增加大量解剖经验,target_add_large_anatomy_experience
交互对象技巧技能类结算器,演奏,交互对象增加少量演奏经验,target_add_small_play_music_experience
交互对象技巧技能类结算器,演奏,交互对象增加中量演奏经验,target_add_medium_play_music_experience
交互对象技巧技能类结算器,演奏,交互对象增加大量演奏经验,target_add_large_play_music_experience
交互对象技巧技能类结算器,编程,交互对象增加少量编程经验,target_add_small_programming_experience
交互对象技巧技能类结算器,编程,交互对象增加中量编程经验,target_add_medium_programming_experience
交互对象技巧技能类结算器,编程,交互对象增加大量编程经验,target_add_large_programming_experience
交互对象技巧技能类结算器,黑客,交互对象增加少量黑客经验,target_add_small_hacker_experience
交互对象技巧技能类结算器,黑客,交互对象增加中量黑客经验,target_add_medium_hacker_experience
交互对象技巧技能类结算器,黑客,交互对象增加大量黑客经验,target_add_large_hacker_experience
交互对象技巧技能类结算器,写作,交互对象增加少量写作经验,target_add_small_write_experience
交互对象技巧技能类结算器,写作,交互对象增加中量写作经验,target_add_medium_write_experience
交互对象技巧技能类结算器,写作,交互对象增加大量写作经验,target_add_large_write_experience
交互对象技巧技能类结算器,交易,交互对象增加少量交易经验,target_add_small_transaction_experience
交互对象技巧技能类结算器,交易,交互对象增加中量交易经验,target_add_medium_transaction_experience
交互对象技巧技能类结算器,交易,交互对象增加大量交易经验,target_add_large_transaction_experience
交互对象技巧技能类结算器,礼仪,交互对象增加少量礼仪经验,target_add_small_ceremony_experience
交互对象技巧技能类结算器,礼仪,交互对象增加中量礼仪经验,target_add_medium_ceremony_experience
交互对象技巧技能类结算器,礼仪,交互对象增加大量礼仪经验,target_add_large_ceremony_experience
交互对象技巧技能类结算器,运动,交互对象增加少量运动经验,target_add_small_motion_experience
交互对象技巧技能类结算器,运动,交互对象增加中量运动经验,target_add_medium_motion_experience
交互对象技巧技能类结算器,运动,交互对象增加大量运动经验,target_add_large_motion_experience
科学技能类结算器,机械学,增加少量机械学经验,add_small_mechanics_experience
科学技能类结算器,机械学,增加中量机械学经验,add_medium_mechanics_experience
科学技能类结算器,机械学,增加大量机械学经验,add_large_mechanics_experience
科学技能类结算器,电子学,增加少量电子学经验,add_small_electronics_experience
科学技能类结算器,电子学,增加中量电子学经验,add_medium_electronics_experience
科学技能类结算器,电子学,增加大量电子学经验,add_large_electronics_experience
科学技能类结算器,计算机学,增加少量计算机学经验,add_small_computer_science_experience
科学技能类结算器,计算机学,增加中量计算机学经验,add_medium_computer_science_experience
科学技能类结算器,计算机学,增加大量计算机学经验,add_large_computer_science_experience
科学技能类结算器,密码学,增加少量密码学经验,add_small_cryptography_experience
科学技能类结算器,密码学,增加中量密码学经验,add_medium_cryptography_experience
科学技能类结算器,密码学,增加大量密码学经验,add_large_cryptography_experience
科学技能类结算器,化学,增加少量化学经验,add_small_chemistry_experience
科学技能类结算器,化学,增加中量化学经验,add_medium_chemistry_experience
科学技能类结算器,化学,增加大量化学经验,add_large_chemistry_experience
科学技能类结算器,生物学,增加少量生物学经验,add_small_biology_experience
科学技能类结算器,生物学,增加中量生物学经验,add_medium_biology_experience
科学技能类结算器,生物学,增加大量生物学经验,add_large_biology_experience
科学技能类结算器,数学,增加少量数学经验,add_small_mathematics_experience
科学技能类结算器,数学,增加中量数学经验,add_medium_mathematics_experience
科学技能类结算器,数学,增加大量数学经验,add_large_mathematics_experience
科学技能类结算器,天文学,增加少量天文学经验,add_small_astronomy_experience
科学技能类结算器,天文学,增加中量天文学经验,add_medium_astronomy_experience
科学技能类结算器,天文学,增加大量天文学经验,add_large_astronomy_experience
科学技能类结算器,物理学,增加少量物理学经验,add_small_physics_experience
科学技能类结算器,物理学,增加中量物理学经验,add_medium_physics_experience
科学技能类结算器,物理学,增加大量物理学经验,add_large_physics_experience
科学技能类结算器,地理学,增加少量地理学经验,add_small_geography_experience
科学技能类结算器,地理学,增加中量地理学经验,add_medium_geography_experience
科学技能类结算器,地理学,增加大量地理学经验,add_large_geography_experience
科学技能类结算器,地质学,增加少量地质学经验,add_small_geology_experience
科学技能类结算器,地质学,增加中量地质学经验,add_medium_geology_experience
科学技能类结算器,地质学,增加大量地质学经验,add_large_geology_experience
科学技能类结算器,生态学,增加少量生态学经验,add_small_ecology_experience
科学技能类结算器,生态学,增加中量生态学经验,add_medium_ecology_experience
科学技能类结算器,生态学,增加大量生态学经验,add_large_ecology_experience
科学技能类结算器,动物学,增加少量动物学经验,add_small_zoology_experience
科学技能类结算器,动物学,增加中量动物学经验,add_medium_zoology_experience
科学技能类结算器,动物学,增加大量动物学经验,add_large_zoology_experience
科学技能类结算器,植物学,增加少量植物学经验,add_small_botany_experience
科学技能类结算器,植物学,增加中量植物学经验,add_medium_botany_experience
科学技能类结算器,植物学,增加大量植物学经验,add_large_botany_experience
科学技能类结算器,昆虫学,增加少量昆虫学经验,add_small_entomology_experience
科学技能类结算器,昆虫学,增加中量昆虫学经验,add_medium_entomology_experience
科学技能类结算器,昆虫学,增加大量昆虫学经验,add_large_entomology_experience
科学技能类结算器,微生物学,增加少量微生物学经验,add_small_microbiology_experience
科学技能类结算器,微生物学,增加中量微生物学经验,add_medium_microbiology_experience
科学技能类结算器,微生物学,增加大量微生物学经验,add_large_microbiology_experience
科学技能类结算器,病毒学,增加少量病毒学经验,add_small_virology_experience
科学技能类结算器,病毒学,增加中量病毒学经验,add_medium_virology_experience
科学技能类结算器,病毒学,增加大量病毒学经验,add_large_virology_experience
科学技能类结算器,细菌学,增加少量细菌学经验,add_small_becteriology_experience
科学技能类结算器,细菌学,增加中量细菌学经验,add_medium_becteriology_experience
科学技能类结算器,细菌学,增加大量细菌学经验,add_large_becteriology_experience
科学技能类结算器,真菌学,增加少量真菌学经验,add_small_mycology_experience
科学技能类结算器,真菌学,增加中量真菌学经验,add_medium_mycology_experience
科学技能类结算器,真菌学,增加大量真菌学经验,add_large_mycology_experience
科学技能类结算器,药学,增加少量药学经验,add_small_pharmacy_experience
科学技能类结算器,药学,增加中量药学经验,add_medium_pharmacy_experience
科学技能类结算器,药学,增加大量药学经验,add_large_pharmacy_experience
科学技能类结算器,气象学,增加少量气象学经验,add_small_meteorology_experience
科学技能类结算器,气象学,增加中量气象学经验,add_medium_meteorology_experience
科学技能类结算器,气象学,增加大量气象学经验,add_large_meteorology_experience
科学技能类结算器,法学,增加少量法学经验,add_small_law_science_experience
科学技能类结算器,法学,增加中量法学经验,add_medium_law_science_experience
科学技能类结算器,法学,增加大量法学经验,add_large_law_science_experience
科学技能类结算器,语言学,增加少量语言学经验,add_small_linguistics_experience
科学技能类结算器,语言学,增加中量语言学经验,add_medium_linguistics_experience
科学技能类结算器,语言学,增加大量语言学经验,add_large_linguistics_experience
交互对象科学技能类结算器,机械学,交互对象增加少量机械学经验,target_add_small_mechanics_experience
交互对象科学技能类结算器,机械学,交互对象增加中量机械学经验,target_add_medium_mechanics_experience
交互对象科学技能类结算器,机械学,交互对象增加大量机械学经验,target_add_large_mechanics_experience
交互对象科学技能类结算器,电子学,交互对象增加少量电子学经验,target_add_small_electronics_experience
交互对象科学技能类结算器,电子学,交互对象增加中量电子学经验,target_add_medium_electronics_experience
交互对象科学技能类结算器,电子学,交互对象增加大量电子学经验,target_add_large_electronics_experience
交互对象科学技能类结算器,计算机学,交互对象增加少量计算机学经验,target_add_small_computer_science_experience
交互对象科学技能类结算器,计算机学,交互对象增加中量计算机学经验,target_add_medium_computer_science_experience
交互对象科学技能类结算器,计算机学,交互对象增加大量计算机学经验,target_add_large_computer_science_experience
交互对象科学技能类结算器,密码学,交互对象增加少量密码学经验,target_add_small_cryptography_experience
交互对象科学技能类结算器,密码学,交互对象增加中量密码学经验,target_add_medium_cryptography_experience
交互对象科学技能类结算器,密码学,交互对象增加大量密码学经验,target_add_large_cryptography_experience
交互对象科学技能类结算器,化学,交互对象增加少量化学经验,target_add_small_chemistry_experience
交互对象科学技能类结算器,化学,交互对象增加中量化学经验,target_add_medium_chemistry_experience
交互对象科学技能类结算器,化学,交互对象增加大量化学经验,target_add_large_chemistry_experience
交互对象科学技能类结算器,生物学,交互对象增加少量生物学经验,target_add_small_biology_experience
交互对象科学技能类结算器,生物学,交互对象增加中量生物学经验,target_add_medium_biology_experience
交互对象科学技能类结算器,生物学,交互对象增加大量生物学经验,target_add_large_biology_experience
交互对象科学技能类结算器,数学,交互对象增加少量数学经验,target_add_small_mathematics_experience
交互对象科学技能类结算器,数学,交互对象增加中量数学经验,target_add_medium_mathematics_experience
交互对象科学技能类结算器,数学,交互对象增加大量数学经验,target_add_large_mathematics_experience
交互对象科学技能类结算器,天文学,交互对象增加少量天文学经验,target_add_small_astronomy_experience
交互对象科学技能类结算器,天文学,交互对象增加中量天文学经验,target_add_medium_astronomy_experience
交互对象科学技能类结算器,天文学,交互对象增加大量天文学经验,target_add_large_astronomy_experience
交互对象科学技能类结算器,物理学,交互对象增加少量物理学经验,target_add_small_physics_experience
交互对象科学技能类结算器,物理学,交互对象增加中量物理学经验,target_add_medium_physics_experience
交互对象科学技能类结算器,物理学,交互对象增加大量物理学经验,target_add_large_physics_experience
交互对象科学技能类结算器,地理学,交互对象增加少量地理学经验,target_add_small_geography_experience
交互对象科学技能类结算器,地理学,交互对象增加中量地理学经验,target_add_medium_geography_experience
交互对象科学技能类结算器,地理学,交互对象增加大量地理学经验,target_add_large_geography_experience
交互对象科学技能类结算器,地质学,交互对象增加少量地质学经验,target_add_small_geology_experience
交互对象科学技能类结算器,地质学,交互对象增加中量地质学经验,target_add_medium_geology_experience
交互对象科学技能类结算器,地质学,交互对象增加大量地质学经验,target_add_large_geology_experience
交互对象科学技能类结算器,生态学,交互对象增加少量生态学经验,target_add_small_ecology_experience
交互对象科学技能类结算器,生态学,交互对象增加中量生态学经验,target_add_medium_ecology_experience
交互对象科学技能类结算器,生态学,交互对象增加大量生态学经验,target_add_large_ecology_experience
交互对象科学技能类结算器,动物学,交互对象增加少量动物学经验,target_add_small_zoology_experience
交互对象科学技能类结算器,动物学,交互对象增加中量动物学经验,target_add_medium_zoology_experience
交互对象科学技能类结算器,动物学,交互对象增加大量动物学经验,target_add_large_zoology_experience
交互对象科学技能类结算器,植物学,交互对象增加少量植物学经验,target_add_small_botany_experience
交互对象科学技能类结算器,植物学,交互对象增加中量植物学经验,target_add_medium_botany_experience
交互对象科学技能类结算器,植物学,交互对象增加大量植物学经验,target_add_large_botany_experience
交互对象科学技能类结算器,昆虫学,交互对象增加少量昆虫学经验,target_add_small_entomology_experience
交互对象科学技能类结算器,昆虫学,交互对象增加中量昆虫学经验,target_add_medium_entomology_experience
交互对象科学技能类结算器,昆虫学,交互对象增加大量昆虫学经验,target_add_large_entomology_experience
交互对象科学技能类结算器,微生物学,交互对象增加少量微生物学经验,target_add_small_microbiology_experience
交互对象科学技能类结算器,微生物学,交互对象增加中量微生物学经验,target_add_medium_microbiology_experience
交互对象科学技能类结算器,微生物学,交互对象增加大量微生物学经验,target_add_large_microbiology_experience
交互对象科学技能类结算器,病毒学,交互对象增加少量病毒学经验,target_add_small_virology_experience
交互对象科学技能类结算器,病毒学,交互对象增加中量病毒学经验,target_add_medium_virology_experience
交互对象科学技能类结算器,病毒学,交互对象增加大量病毒学经验,target_add_large_virology_experience
交互对象科学技能类结算器,细菌学,交互对象增加少量细菌学经验,target_add_small_becteriology_experience
交互对象科学技能类结算器,细菌学,交互对象增加中量细菌学经验,target_add_medium_becteriology_experience
交互对象科学技能类结算器,细菌学,交互对象增加大量细菌学经验,target_add_large_becteriology_experience
交互对象科学技能类结算器,真菌学,交互对象增加少量真菌学经验,target_add_small_mycology_experience
交互对象科学技能类结算器,真菌学,交互对象增加中量真菌学经验,target_add_medium_mycology_experience
交互对象科学技能类结算器,真菌学,交互对象增加大量真菌学经验,target_add_large_mycology_experience
交互对象科学技能类结算器,药学,交互对象增加少量药学经验,target_add_small_pharmacy_experience
交互对象科学技能类结算器,药学,交互对象增加中量药学经验,target_add_medium_pharmacy_experience
交互对象科学技能类结算器,药学,交互对象增加大量药学经验,target_add_large_pharmacy_experience
交互对象科学技能类结算器,气象学,交互对象增加少量气象学经验,target_add_small_meteorology_experience
交互对象科学技能类结算器,气象学,交互对象增加中量气象学经验,target_add_medium_meteorology_experience
交互对象科学技能类结算器,气象学,交互对象增加大量气象学经验,target_add_large_meteorology_experience
交互对象科学技能类结算器,法学,交互对象增加少量法学经验,target_add_small_law_science_experience
交互对象科学技能类结算器,法学,交互对象增加中量法学经验,target_add_medium_law_science_experience
交互对象科学技能类结算器,法学,交互对象增加大量法学经验,target_add_large_law_science_experience
交互对象科学技能类结算器,语言学,交互对象增加少量语言学经验,target_add_small_linguistics_experience
交互对象科学技能类结算器,语言学,交互对象增加中量语言学经验,target_add_medium_linguistics_experience
交互对象科学技能类结算器,语言学,交互对象增加大量语言学经验,target_add_large_linguistics_experience
神秘学技能类结算器,炼金学,增加少量炼金学经验,add_small_apothecary_experience
神秘学技能类结算器,炼金学,增加中量炼金学经验,add_medium_apothecary_experience
神秘学技能类结算器,炼金学,增加大量炼金学经验,add_large_apothecary_experience
神秘学技能类结算器,通灵学,增加少量通灵学经验,add_small_parapsychologies_experience
神秘学技能类结算器,通灵学,增加中量通灵学经验,add_medium_parapsychologies_experience
神秘学技能类结算器,通灵学,增加大量通灵学经验,add_large_parapsychologies_experience
神秘学技能类结算器,灵数学,增加少量灵数学经验,add_small_numerology_experience
神秘学技能类结算器,灵数学,增加中量灵数学经验,add_medium_numerology_experience
神秘学技能类结算器,灵数学,增加大量灵数学经验,add_large_numerology_experience
神秘学技能类结算器,占卜学,增加少量占卜学经验,add_small_practise_divination_experience
神秘学技能类结算器,占卜学,增加中量占卜学经验,add_medium_practise_divination_experience
神秘学技能类结算器,占卜学,增加大量占卜学经验,add_large_practise_divination_experience
神秘学技能类结算器,预言学,增加少量预言学经验,add_small_prophecy_experience
神秘学技能类结算器,预言学,增加中量预言学经验,add_medium_prophecy_experience
神秘学技能类结算器,预言学,增加大量预言学经验,add_large_prophecy_experience
神秘学技能类结算器,占星学,增加少量占星学经验,add_small_astrology_experience
神秘学技能类结算器,占星学,增加中量占星学经验,add_medium_astrology_experience
神秘学技能类结算器,占星学,增加大量占星学经验,add_large_astrology_experience
神秘学技能类结算器,恶魔学,增加少量恶魔学经验,add_small_demonology_experience
神秘学技能类结算器,恶魔学,增加中量恶魔学经验,add_medium_demonology_experience
神秘学技能类结算器,恶魔学,增加大量恶魔学经验,add_large_demonology_experience
神秘学技能类结算器,仪式学,增加少量仪式学经验,add_small_ritual_experience
神秘学技能类结算器,仪式学,增加中量仪式学经验,add_medium_ritual_experience
神秘学技能类结算器,仪式学,增加大量仪式学经验,add_large_ritual_experience
交互对象神秘学技能类结算器,炼金学,交互对象增加少量炼金学经验,target_add_small_apothecary_experience
交互对象神秘学技能类结算器,炼金学,交互对象增加中量炼金学经验,target_add_medium_apothecary_experience
交互对象神秘学技能类结算器,炼金学,交互对象增加大量炼金学经验,target_add_large_apothecary_experience
交互对象神秘学技能类结算器,通灵学,交互对象增加少量通灵学经验,target_add_small_parapsychologies_experience
交互对象神秘学技能类结算器,通灵学,交互对象增加中量通灵学经验,target_add_medium_parapsychologies_experience
交互对象神秘学技能类结算器,通灵学,交互对象增加大量通灵学经验,target_add_large_parapsychologies_experience
交互对象神秘学技能类结算器,灵数学,交互对象增加少量灵数学经验,target_add_small_numerology_experience
交互对象神秘学技能类结算器,灵数学,交互对象增加中量灵数学经验,target_add_medium_numerology_experience
交互对象神秘学技能类结算器,灵数学,交互对象增加大量灵数学经验,target_add_large_numerology_experience
交互对象神秘学技能类结算器,占卜学,交互对象增加少量占卜学经验,target_add_small_practise_divination_experience
交互对象神秘学技能类结算器,占卜学,交互对象增加中量占卜学经验,target_add_medium_practise_divination_experience
交互对象神秘学技能类结算器,占卜学,交互对象增加大量占卜学经验,target_add_large_practise_divination_experience
交互对象神秘学技能类结算器,预言学,交互对象增加少量预言学经验,target_add_small_prophecy_experience
交互对象神秘学技能类结算器,预言学,交互对象增加中量预言学经验,target_add_medium_prophecy_experience
交互对象神秘学技能类结算器,预言学,交互对象增加大量预言学经验,target_add_large_prophecy_experience
交互对象神秘学技能类结算器,占星学,交互对象增加少量占星学经验,target_add_small_astrology_experience
交互对象神秘学技能类结算器,占星学,交互对象增加中量占星学经验,target_add_medium_astrology_experience
交互对象神秘学技能类结算器,占星学,交互对象增加大量占星学经验,target_add_large_astrology_experience
交互对象神秘学技能类结算器,恶魔学,交互对象增加少量恶魔学经验,target_add_small_demonology_experience
交互对象神秘学技能类结算器,恶魔学,交互对象增加中量恶魔学经验,target_add_medium_demonology_experience
交互对象神秘学技能类结算器,恶魔学,交互对象增加大量恶魔学经验,target_add_large_demonology_experience
交互对象神秘学技能类结算器,仪式学,交互对象增加少量仪式学经验,target_add_small_ritual_experience
交互对象神秘学技能类结算器,仪式学,交互对象增加中量仪式学经验,target_add_medium_ritual_experience
交互对象神秘学技能类结算器,仪式学,交互对象增加大量仪式学经验,target_add_large_ritual_experience
语言学技能类结算器,汉语,增加少量汉语经验,add_small_chinese_experience
语言学技能类结算器,汉语,增加中量汉语经验,add_medium_chinese_experience
语言学技能类结算器,汉语,增加大量汉语经验,add_large_chinese_experience
语言学技能类结算器,英语,增加少量英语经验,add_small_english_experience
语言学技能类结算器,英语,增加中量英语经验,add_medium_english_experience
语言学技能类结算器,英语,增加大量英语经验,add_large_english_experience
语言学技能类结算器,法语,增加少量法语经验,add_small_french_experience
语言学技能类结算器,法语,增加中量法语经验,add_medium_french_experience
语言学技能类结算器,法语,增加大量法语经验,add_large_french_experience
语言学技能类结算器,西班牙语,增加少量西班牙语经验,add_small_spanish_experience
语言学技能类结算器,西班牙语,增加中量西班牙语经验,add_medium_spanish_experience
语言学技能类结算器,西班牙语,增加大量西班牙语经验,add_large_spanish_experience
语言学技能类结算器,阿拉伯语,增加少量阿拉伯语经验,add_small_arabic_experience
语言学技能类结算器,阿拉伯语,增加中量阿拉伯语经验,add_medium_arabic_experience
语言学技能类结算器,阿拉伯语,增加大量阿拉伯语经验,add_large_arabic_experience
语言学技能类结算器,俄语,增加少量俄语经验,add_small_russian_experience
语言学技能类结算器,俄语,增加中量俄语经验,add_medium_russian_experience
语言学技能类结算器,俄语,增加大量俄语经验,add_large_russian_experience
语言学技能类结算器,日语,增加少量日语经验,add_small_japanese_experience
语言学技能类结算器,日语,增加中量日语经验,add_medium_japanese_experience
语言学技能类结算器,日语,增加大量日语经验,add_large_japanese_experience
语言学技能类结算器,印地语,增加少量印地语经验,add_small_hindi_experience
语言学技能类结算器,印地语,增加中量印地语经验,add_medium_hindi_experience
语言学技能类结算器,印地语,增加大量印地语经验,add_large_hindi_experience
语言学技能类结算器,古拉丁语,增加少量古拉丁语经验,add_small_old_latin_experience
语言学技能类结算器,古拉丁语,增加中量古拉丁语经验,add_medium_old_latin_experience
语言学技能类结算器,古拉丁语,增加大量古拉丁语经验,add_large_old_latin_experience
语言学技能类结算器,拉丁语,增加少量拉丁语经验,add_small_latin_experience
语言学技能类结算器,拉丁语,增加中量拉丁语经验,add_medium_latin_experience
语言学技能类结算器,拉丁语,增加大量拉丁语经验,add_large_latin_experience
语言学技能类结算器,古汉语,增加少量古汉语经验,add_small_ancient_chinese_experience
语言学技能类结算器,古汉语,增加中量古汉语经验,add_medium_ancient_chinese_experience
语言学技能类结算器,古汉语,增加大量古汉语经验,add_large_ancient_chinese_experience
语言学技能类结算器,上古汉语,增加少量上古汉语经验,add_small_old_sinitic_experience
语言学技能类结算器,上古汉语,增加中量上古汉语经验,add_medium_old_sinitic_experience
语言学技能类结算器,上古汉语,增加大量上古汉语经验,add_large_old_sinitic_experience
交互对象语言学技能类结算器,汉语,交互对象增加少量汉语经验,target_add_small_chinese_experience
交互对象语言学技能类结算器,汉语,交互对象增加中量汉语经验,target_add_medium_chinese_experience
交互对象语言学技能类结算器,汉语,交互对象增加大量汉语经验,target_add_large_chinese_experience
交互对象语言学技能类结算器,英语,交互对象增加少量英语经验,target_add_small_english_experience
交互对象语言学技能类结算器,英语,交互对象增加中量英语经验,target_add_medium_english_experience
交互对象语言学技能类结算器,英语,交互对象增加大量英语经验,target_add_large_english_experience
交互对象语言学技能类结算器,法语,交互对象增加少量法语经验,target_add_small_french_experience
交互对象语言学技能类结算器,法语,交互对象增加中量法语经验,target_add_medium_french_experience
交互对象语言学技能类结算器,法语,交互对象增加大量法语经验,target_add_large_french_experience
交互对象语言学技能类结算器,西班牙语,交互对象增加少量西班牙语经验,target_add_small_spanish_experience
交互对象语言学技能类结算器,西班牙语,交互对象增加中量西班牙语经验,target_add_medium_spanish_experience
交互对象语言学技能类结算器,西班牙语,交互对象增加大量西班牙语经验,target_add_large_spanish_experience
交互对象语言学技能类结算器,阿拉伯语,交互对象增加少量阿拉伯语经验,target_add_small_arabic_experience
交互对象语言学技能类结算器,阿拉伯语,交互对象增加中量阿拉伯语经验,target_add_medium_arabic_experience
交互对象语言学技能类结算器,阿拉伯语,交互对象增加大量阿拉伯语经验,target_add_large_arabic_experience
交互对象语言学技能类结算器,俄语,交互对象增加少量俄语经验,target_add_small_russian_experience
交互对象语言学技能类结算器,俄语,交互对象增加中量俄语经验,target_add_medium_russian_experience
交互对象语言学技能类结算器,俄语,交互对象增加大量俄语经验,target_add_large_russian_experience
交互对象语言学技能类结算器,日语,交互对象增加少量日语经验,target_add_small_japanese_experience
交互对象语言学技能类结算器,日语,交互对象增加中量日语经验,target_add_medium_japanese_experience
交互对象语言学技能类结算器,日语,交互对象增加大量日语经验,target_add_large_japanese_experience
交互对象语言学技能类结算器,印地语,交互对象增加少量印地语经验,target_add_small_hindi_experience
交互对象语言学技能类结算器,印地语,交互对象增加中量印地语经验,target_add_medium_hindi_experience
交互对象语言学技能类结算器,印地语,交互对象增加大量印地语经验,target_add_large_hindi_experience
交互对象语言学技能类结算器,古拉丁语,交互对象增加少量古拉丁语经验,target_add_small_old_latin_experience
交互对象语言学技能类结算器,古拉丁语,交互对象增加中量古拉丁语经验,target_add_medium_old_latin_experience
交互对象语言学技能类结算器,古拉丁语,交互对象增加大量古拉丁语经验,target_add_large_old_latin_experience
交互对象语言学技能类结算器,拉丁语,交互对象增加少量拉丁语经验,target_add_small_latin_experience
交互对象语言学技能类结算器,拉丁语,交互对象增加中量拉丁语经验,target_add_medium_latin_experience
交互对象语言学技能类结算器,拉丁语,交互对象增加大量拉丁语经验,target_add_large_latin_experience
交互对象语言学技能类结算器,古汉语,交互对象增加少量古汉语经验,target_add_small_ancient_chinese_experience
交互对象语言学技能类结算器,古汉语,交互对象增加中量古汉语经验,target_add_medium_ancient_chinese_experience
交互对象语言学技能类结算器,古汉语,交互对象增加大量古汉语经验,target_add_large_ancient_chinese_experience
交互对象语言学技能类结算器,上古汉语,交互对象增加少量上古汉语经验,target_add_small_old_sinitic_experience
交互对象语言学技能类结算器,上古汉语,交互对象增加中量上古汉语经验,target_add_medium_old_sinitic_experience
交互对象语言学技能类结算器,上古汉语,交互对象增加大量上古汉语经验,target_add_large_old_sinitic_experience
性经验类结算器,嘴,增加少量嘴经验,add_small_mouth_experience
性经验类结算器,嘴,增加中量嘴经验,add_medium_mouth_experience
性经验类结算器,嘴,增加大量嘴经验,add_large_mouth_experience
性经验类结算器,胸,增加少量胸经验,add_small_chest_experience
性经验类结算器,胸,增加中量胸经验,add_medium_chest_experience
性经验类结算器,胸,增加大量胸经验,add_large_chest_experience
性经验类结算器,阴蒂,增加少量阴蒂经验,add_small_clitoris_experience
性经验类结算器,阴蒂,增加中量阴蒂经验,add_medium_clitoris_experience
性经验类结算器,阴蒂,增加大量阴蒂经验,add_large_clitoris_experience
性经验类结算器,阴茎,增加少量阴茎经验,add_small_penis_experience
性经验类结算器,阴茎,增加中量阴茎经验,add_medium_penis_experience
性经验类结算器,阴茎,增加大量阴茎经验,add_large_penis_experience
性经验类结算器,阴道,增加少量阴道经验,add_small_vagina_experience
性经验类结算器,阴道,增加中量阴道经验,add_medium_vagina_experience
性经验类结算器,阴道,增加大量阴道经验,add_large_vagina_experience
性经验类结算器,肛门,增加少量肛门经验,add_small_anus_experience
性经验类结算器,肛门,增加中量肛门经验,add_medium_anus_experience
性经验类结算器,肛门,增加大量肛门经验,add_large_anus_experience
交互对象性经验类结算器,嘴,交互对象增加少量嘴经验,target_add_small_mouth_experience
交互对象性经验类结算器,嘴,交互对象增加中量嘴经验,target_add_medium_mouth_experience
交互对象性经验类结算器,嘴,交互对象增加大量嘴经验,target_add_large_mouth_experience
交互对象性经验类结算器,胸,交互对象增加少量胸经验,target_add_small_chest_experience
交互对象性经验类结算器,胸,交互对象增加中量胸经验,target_add_medium_chest_experience
交互对象性经验类结算器,胸,交互对象增加大量胸经验,target_add_large_chest_experience
交互对象性经验类结算器,阴蒂,交互对象增加少量阴蒂经验,target_add_small_clitoris_experience
交互对象性经验类结算器,阴蒂,交互对象增加中量阴蒂经验,target_add_medium_clitoris_experience
交互对象性经验类结算器,阴蒂,交互对象增加大量阴蒂经验,target_add_large_clitoris_experience
交互对象性经验类结算器,阴茎,交互对象增加少量阴茎经验,target_add_small_penis_experience
交互对象性经验类结算器,阴茎,交互对象增加中量阴茎经验,target_add_medium_penis_experience
交互对象性经验类结算器,阴茎,交互对象增加大量阴茎经验,target_add_large_penis_experience
交互对象性经验类结算器,阴道,交互对象增加少量阴道经验,target_add_small_vagina_experience
交互对象性经验类结算器,阴道,交互对象增加中量阴道经验,target_add_medium_vagina_experience
交互对象性经验类结算器,阴道,交互对象增加大量阴道经验,target_add_large_vagina_experience
交互对象性经验类结算器,肛门,交互对象增加少量肛门经验,target_add_small_anus_experience
交互对象性经验类结算器,肛门,交互对象增加中量肛门经验,target_add_medium_anus_experience
交互对象性经验类结算器,肛门,交互对象增加大量肛门经验,target_add_large_anus_experience
角色好感类结算器,角色,增加对交互对象的少量好感,add_small_favorability
角色好感类结算器,角色,增加对交互对象的中量好感,add_medium_favorability
角色好感类结算器,角色,增加对交互对象的大量好感,add_large_favorability
角色好感类结算器,角色,减少对交互对象的少量好感,sub_small_favorability
角色好感类结算器,角色,减少对交互对象的中量好感,sub_medium_favorability
角色好感类结算器,角色,减少对交互对象的大量好感,sub_large_favorability
角色好感类结算器,交互对象,增加交互对象对角色的的少量好感,target_add_small_favorability
角色好感类结算器,交互对象,增加交互对象对角色的的中量好感,target_add_medium_favorability
角色好感类结算器,交互对象,增加交互对象对角色的的大量好感,target_add_large_favorability
角色好感类结算器,交互对象,减少交互对象对角色的的少量好感,target_sub_small_favorability
角色好感类结算器,交互对象,减少交互对象对角色的的中量好感,target_sub_medium_favorability
角色好感类结算器,交互对象,减少交互对象对角色的的大量好感,target_sub_large_favorability
角色行为类结算器,其他,移动至目标场景,move_to_target_scene
角色行为类结算器,其他,食用指定食物,eat_food
角色行为类结算器,其他,打断交互对象活动,interrupt_target_activity
角色行为类结算器,其他,按学习课程增加少量对应技能经验,add_small_attend_class_experience
角色行为类结算器,其他,按课程增加教室内本班级学生的技能经验,add_students_course_experience_for_in_classroom
角色临时状态类结算器,跟随,让交互对象跟随自己,target_follow_self
角色临时状态类结算器,跟随,不再跟随别人,un_follow
角色临时状态类结算器,第一次,失去初吻,first_kiss
角色临时状态类结算器,第一次,记录初次和人牵手,first_hand_in_hand
